Number of sequences (millions)	DIAMOND DeepClust	DIAMOND DeepClust (linear mode)	MMseqs2/Linclust	DIAMOND DeepClust (uni-dir. coverage)
10000000	0.183333333	0.166666667	0.083333333	
27000000	0.566666667	0.416666667	0.1	
55000000	1.25	0.833333333	0.5	
68000000	1.6	1.033333333	0.333333333	
135000000	3.683333333	1.933333333	2.15	
270000000	8.583333333	3.65	2.566666667	
545815195	19.37	7.316666667	2.783333333	20.03