Number of sequences (millions)	MMseqs2	DIAMOND DeepClust	FLSHclust
10000000	1.966666667	0.183333333	6.88
27000000	7.183333333	0.566666667	12.03
55000000	18.11666667	1.25	25.6
68000000	27.36666667	1.6	30.73333333
135000000	83.41666667	3.683333333	56.66666667
270000000	216.4833333	8.583333333	107.2666667
545815195	684.8166667	19.37	397.6666667