Number of sequences (millions)	DIAMOND DeepClust	DIAMOND DeepClust (linear mode)	MMseqs2/Linclust	DIAMOND DeepClust (uni-dir. coverage)
10000000	0.173	0.1	0.083333333	
27000000	0.542	0.25	0.1	
68000000	1.52	0.583	0.333333333	
135000000	3.29	1.13	2.15	
270000000	8.51	2.13	2.566666667
545815195	19.0	3.88	2.783333333	20.03