Number of sequences (millions)	MMseqs2	DIAMOND DeepClust	FLSHclust
10000000	1.966666667	0.173	6.88
27000000	7.183333333	0.542	12.03
68000000	27.36666667	1.52	30.73333333
135000000	83.41666667	3.29	56.66666667
270000000	216.4833333	8.51	107.2666667
545815195	684.8166667	19.0	397.6666667